Companies,Companies_full,Website2,Location,
360biolabs Pty Ltd,360biolabs Pty Ltd,http://www.360biolabs.com/,"85 Commercial Road, Melbourne, VIC, 3004",
,360biolabs Pty Ltd,,"37 Kent St, Woolloongabba, QLD, 4102",
Abacus dx Pty Ltd,Abacus dx Pty Ltd,https://www.abacusdx.com/,"34 Corporate Drive, Cannon Hill, QLD, 4170",
,Abacus dx Pty Ltd,,"Unit B, 30 Vestey Drive, Mt Wellington, Auckland, NZ",
AbCellera,AbCellera,https://www.abcellera.com/,"2215 Yukon Street, Vancouver, BC V5Y 0A1",
Accelagen Pty Ltd,Accelagen Pty Ltd,http://www.accelagen.com.au/,"Suite 2.02, 785 Toorak Road,�Hawthorn East, Victoria, Australia 3102",
Actinogen Medical Limited,Actinogen Medical Limited,http://www.actinogen.com.au/,"Suite 901, Level 9, 109 Pitt Street, Sydney NSW 2000, Australia",
Acuity Capital,Acuity Capital,https://www.acuitycapital.com.au/,"Level 24, Three International Towers, Sydney NSW 2000,  Australia",
,Acuity Capital,,"Level 25, 108 St Georges Terrace, Perth WA 6000, Australia",
,Acuity Capital,,"Level 23, Tower 5, Collins Square, Melbourne VIC 3008, Australia",
AdAlta Limited,AdAlta Limited,http://www.adalta.com.au/,"Room 204, LIMS2, La Trobe Institute of Molecular Science, Science Drive, La Trobe University VIC 3086, Australia",
Adapt ldeations Pty Ltd,Adapt ldeations Pty Ltd,https://www.adaptideations.com/,"H.No.1-89/G/36, 3rd Floor, Plot No.36, Mindspace, Shilpi Valley, Madhapur, Hyderabad � 500081, India",
,Adapt ldeations Pty Ltd,,"34/7 Salisbury Road, Castle Hill, NSW, 2154",
,Adapt ldeations Pty Ltd,,"1700 Post Oak Blvd. Suite 600, Houston, TX 77056",
,Adapt ldeations Pty Ltd,,"ADAPT Ideations Global PTE LTD, 11 Beach Road #03-01, Singapore 189675",
Additive Manufacturing Network,Additive Manufacturing Network,http://amhub.net.au/,"Suite 10, 5 Corporate Boulevard Bayswater Victoria 3153, Australia",
Adjutor Healthcare Pty Ltd,Adjutor Healthcare Pty Ltd,https://www.adjutor.com.au/,,
Akesa�Pty Ltd,Akesa�Pty Ltd,https://akesagroup.com/,"Level 2, 121 Flinders Lane, Melbourne VIC, Australia 3000",
Agilex Biolabs Pty Ltd,Agilex Biolabs Pty Ltd,https://www.agilexbiolabs.com/,"31 Dalgleish Street, Thebarton SA 5031",
,Agilex Biolabs Pty Ltd,,"2404 Logan Road, Eight Mile Plains QLD 4113",
Alithia Life Sciences Pty Ltd,Alithia Life Sciences Pty Ltd,http://www.alithialifesciences.com/,,
Alliance for Regenerative Medicine (ARM),Alliance for Regenerative Medicine (ARM),https://alliancerm.org/,"1015 18th Street NW, Suite 1102, Washington, D.C. 20036",
,Alliance for Regenerative Medicine (ARM),,"2-4 Schuman Roundabout, B-1040 Brussels, Belgium",
Almac Group,Almac Group,https://www.almacgroup.com/,"Almac House, 20 Seagoe Industrial Estate, Craigavon,BT63 5QD, United Kingdom",
AlphaRET,AlphaRET,https://nova-eye.com/company/alpharet/,"107�Rundle Street, Kent Town�SA�5067",
Amplia Therapeutics Limited,Amplia Therapeutics Limited,https://www.ampliatx.com/site/content/,"Level 17, 350 Queen Street, Melbourne VIC 3000",
ANDHealth,ANDHealth,http://andhealth.com.au/,"PO Box 45, Collins Street West VIC 8007, AUSTRALIA",
AnteoTech Ltd,AnteoTech Ltd,https://www.anteotech.com/,"Unit 4, 26 Brandl Street, Brisbane Technology Park, Eight Mile Plains QLD 4113 Australia",
Anteris Technologies,Anteris Technologies,https://anteristech.com/,"Toowong Tower,�Level 3, Suite 302, 9 Sherwood Road, Toowong, QLD 4066, Australia",
Aravax,Aravax,https://www.aravax.com.au/,"Level 9, 31 Queen St, Melbourne VIC 3000, Australia",
Argenica Therapeutics Ltd,Argenica Therapeutics Ltd,http://www.argenica.com.au/,"4/117 Broadway, Nedlands WA 6009, Australia, PO Box 1458, West Perth WA 6872",
Arovella Therapeutics Ltd,Arovella Therapeutics Ltd,https://www.arovella.com/,"Jumar Bioincubator, 655 Elizabeth Street, Melbourne VIC 3000",
Asteri Pharma,Asteri Pharma,https://www.asteripharma.com/,"Level 18, Collins Square Tower 4, 727 Collins St. Melbourne VIC 3008",
AstraZeneca Pty Ltd,AstraZeneca Pty Ltd,http://www.astrazeneca.com.au/,"47 Talavera Road, North Ryde NSW 2113",
Atticus Medical Pty Ltd,Atticus Medical Pty Ltd,https://www.atticusmed.com/about,"Level 1, 18 Kavanagh St, Southbank, 3006, Victoria, AUSTRALIA",
Aucentra Therapeutics,Aucentra Therapeutics,https://www.aucentra.com/about/,,
Australian Institute for Bioengineering and Nanotechnology (AIBN),Australian Institute for Bioengineering and Nanotechnology (AIBN),https://aibn.uq.edu.au/,"Corner College and Cooper Rds (Bldg 75), The University of Queensland, Brisbane Qld 4072, Australia",
"Australian National University (ANU),�Office of Research and Innovation Services","Australian National University (ANU),�Office of Research and Innovation Services",,,
Australian Red Cross Lifeblood (ARCLB),Australian Red Cross Lifeblood (ARCLB),http://www.donateblood.com.au/,"�PO BOX 354,� South Melbourne, VIC 3205�",
Australian Regenerative Medicine Institute,Australian Regenerative Medicine Institute,http://www.armi.org.au/,"23 Innovation Walk, Monash University, Wellington Road, CLAYTON �3800",
Australian Trade & Investment Commission (Austrade),Australian Trade & Investment Commission (Austrade),http://www.austrade.gov.au/,,
Avatar Brokers Pty. Limited�*special member discount,Avatar Brokers Pty. Limited�*special member discount,,,
Avecho Biotechnology,Avecho Biotechnology,http://www.phosphagenics.com/,"Unit A8, 2A Westall Road, Clayton, VIC, Australia 3168",
Baker Heart & Diabetes Institute,Baker Heart & Diabetes Institute,https://baker.edu.au/,"PO Box 6492, Melbourne Victoria 3004, Australia",
Base Bio Consulting Pty Ltd,Base Bio Consulting Pty Ltd,https://www.basebio.com.au/,,
Bellberry Limited,Bellberry Limited,http://www.bellberry.com.au/,"123 Glen Osmond Road Eastwood Adelaide, South Australia 5063",
,Bellberry Limited,,"Level 39, Rialto South Tower 525 Collins Street, Melbourne Victoria 3000",
Billard Leece Partnership,Billard Leece Partnership,https://www.blp.com.au/,"Level 20/485 La Trobe Street, Melbourne, Victoria�3000",
,Billard Leece Partnership,,"Level 6/72-80 Cooper Street, Surry Hills, NSW 2010",
,Billard Leece Partnership,,"HQ, Level 6, 520 Wickham St, Fortitude Valley QLD�4006",
BioCurate Pty Ltd,BioCurate Pty Ltd,http://www.biocurate.com/,"Level 2, 700 Swanston Street, Carlton Victoria 3053, Australia",
BioDiem Ltd,BioDiem Ltd,http://www.biodiem.com/,"Level 4, 100 Albert Road, South Melbourne, Victoria 3205",
Biointelect Pty Ltd,Biointelect Pty Ltd,http://www.biointelect.com/,"Level 4, 143 Macquarie Street, Sydney NSW Australia 2000",
BiomeBank,BiomeBank,https://www.biomebank.com/,,
BioMelbourne Network,BioMelbourne Network,http://www.biomelbourne.org/,"Level 6, HWT Tower, 40 City Road, Southbank VIC 3006",
Bionics Queensland,Bionics Queensland,http://www.bionicsqueensland.com.au/,,
Bio-Rad Laboratories Pty Ltd,Bio-Rad Laboratories Pty Ltd,http://www.bio-rad.com/,"A.B.N. 27 001 843 803, Unit 1A, 62 Ferndell Street, South Granville NSW 2142, Australia",
Biotech Daily,Biotech Daily,http://www.biotechdaily.com.au/,"PO Box 5000, Carlton,�Victoria, Australia 3053",
BIOTech New Zealand,BIOTech New Zealand,https://biotechnz.org.nz/,BIOTech New Zealand�c/o NZTech�PO Box 302469�North Harbour�Auckland 0751,
BioTech Primer Inc.,BioTech Primer Inc.,http://biotechprimer.com/,,
Biotron Limited,Biotron Limited,http://www.biotron.com.au/,"Suite 3.3, 56 Delhi Road, North Ryde NSW 2113, Australia",
BioScience Managers Pty Ltd,BioScience Managers Pty Ltd,http://www.biosciencemanagers.com/,"BioScience Managers Pty Ltd, Level 5, 45 William Street, MELBOURNE VIC 3000",
Bio101 Group Pty Ltd,Bio101 Group Pty Ltd,https://www.bio101.com/,"Suite 201/697 Burke Road, Camberwell VIC 3124, Australia",
"Bio21 Molecular Science & Biotechnology Institute, University of Melbourne","Bio21 Molecular Science & Biotechnology Institute, University of Melbourne",https://www.bio21.unimelb.edu.au/,"30�Flemington�Road,�Parkville, Melbourne,�Victoria",
Blue Print Life Science Group,Blue Print Life Science Group,http://www.bplifescience.com/,"1180 North Town Center Drive, Suite 100, Las Vegas, Nevada 89144",
Brandon Capital,Brandon Capital,http://www.brandoncapital.vc/,"Level 9, 31 Queen Street, Melbourne VIC 3000",
,Brandon Capital,,"Suite 2.05, 1 York Street, Sydney NSW 2000",
,Brandon Capital,,"1 Letterman Ave, Suite C3-330, San Francisco, CA 94129",
,Brandon Capital,,"The Gridiron Building, 1 Pancras Square, Kings Cross, London N1C 4AG, United Kingdom",
BR-Angels Pty Ltd,BR-Angels Pty Ltd,https://brangels.global/,"538 Funchal Street � 16th Floor, Vila Olimpia � 04551-060, Sao Paulo � SP",
Bridge Investment Research,Bridge Investment Research,https://chriskallos.com.au/,,
Bristol Myers Squibb (Australia) Pty Ltd,Bristol Myers Squibb (Australia) Pty Ltd,http://www.bmsa.com.au/,"Level 2, 4 Nexus Court, Mulgrave VIC 3170",
Brooker Consulting,Brooker Consulting,http://www.brookerconsulting.com.au/,"Level 25, 500 Collins Street, Melbourne VIC 3000",
BSI Group ANZ Pty Ltd,BSI Group ANZ Pty Ltd,https://www.bsigroup.com/en-AU/Medical-Devices/,"Suite 1, Level 1, 54 Waterloo Road, Macquarie Park NSW 2113, Australia",
Burnet Institute,Burnet Institute,http://www.burnet.edu.au/,"85 Commercial Road, Melbourne, Victoria 3004, Australia",
Business Events Sydney,Business Events Sydney,http://www.businesseventssydney.com.au/,"Level 20, 100 William Street, Sydney, NSW, 2011, Australia",
Cambium Bio Limited,Cambium Bio Limited,https://www.cambium.bio/,,
Canary Regulatory Affairs,Canary Regulatory Affairs,https://canaryregulatory.com/,"Level 17, 31 Queen St, Melbourne, VIC 3000",
Cancer Trials Australia,Cancer Trials Australia,http://www.cancertrialsaustralia.com/,"305 Grattan Street, Melbourne, VIC, 3000",
Carina Biotech Limited,Carina Biotech Limited,http://www.carinabiotech.com/,"Level 2, Ian Wark (IW) Building, UniSA Mawson Lakes Campus, Mawson Lakes 5095, South Australia",
Catalyst Clinical Research,Catalyst Clinical Research,https://catalystcr.com/,"2528 Independence Blvd, Suite 100, Wilmington, NC 28412",
,Catalyst Clinical Research,,"6 Post Office Square, Clinton, CT 06413",
,Catalyst Clinical Research,,"303 Wyman Street, Suite 300, Waltham, MA 02451",
,Catalyst Clinical Research,,"Alderley Park, Block 11, Alderley Edge, SK10 4ZF, UK",
,Catalyst Clinical Research,,"Schiphol Boulevard 359, 1118 BJ Schiphol, The Netherlands",
,Catalyst Clinical Research,,"Second Floor, Nila Building, Technopark Campus, Thiruvananthapuram , Kerala 695581",
,Catalyst Clinical Research,,"8B Tower 1, Transasia, Cyber Park Infopark, Phase 2, Kochi, Kerala 682303",
,Catalyst Clinical Research,,"Office 105, Level 10, 222 Exhibition St, Melbourne, Victoria 3000",
CBE Pure Solutions,CBE Pure Solutions,https://cbepuresolutions.com/,"5 William Street, Ferntree Gully VIC Australia 3156 ",
CCRM Australia,CCRM Australia,https://ccrmaustralia.com.au/,,
Cell Therapies,Cell Therapies,http://www.celltherapies.com/,"Level 9, 305 Grattan Street, Melbourne, VIC,3000, Australia",
Cellabs Pty Ltd,Cellabs Pty Ltd,http://www.cellabs.com.au/,"7/27 Dale Street, Brookvale 2100, Sydney, NSW, AUSTRALIA",
Celosia Therapeutics�Pty Ltd,Celosia Therapeutics�Pty Ltd,https://celosiatx.com/,,
Cencora PharmaLex,Cencora PharmaLex,https://www.pharmalex.com/,"Suite 4, Level 10, 1 Chandos Street, St Leonards NSW 2065, Australia",
Centenary Institute,Centenary Institute,http://www.centenary.org.au/,"Building 93 Royal Prince Alfred Hospital, Missenden Rd Camperdown NSW 2050 Australia",
Cerecin�Australia Pty Ltd,Cerecin�Australia Pty Ltd,https://cerecin.com/,"102 Fox Drive, Dandenong 3175, Victoria, Australia",
Certa Therapeutics,Certa Therapeutics,http://www.certatherapeutics.com/,,
Charles River Laboratories Australia Pty Ltd,Charles River Laboratories Australia Pty Ltd,https://www.criver.com/,,
Children�s Medical Research Institute (CMRI),Children�s Medical Research Institute (CMRI),https://www.cmrijeansforgenes.org.au/,"214 Hawkesbury Road, Westmead NSW 2145, Australia",
Chimeric Therapeutics Ltd,Chimeric Therapeutics Ltd,https://chimerictherapeutics.com/,,
Chubb Insurance Australia Limited�*Special member discount,Chubb Insurance Australia Limited�*Special member discount,,,
Clarity Pharmaceuticals,Clarity Pharmaceuticals,http://www.claritypharmaceuticals.com/,"4 Cornwallis Street, National Innovation Centre, Eveleigh 2015 NSW",
CMAX Clinical Research Pty Ltd,CMAX Clinical Research Pty Ltd,http://www.cmax.com.au/,"Ground Floor, 21-24 North Terrace, Adelaide, South Australia 5000",
Cochlear Limited,Cochlear Limited,https://www.cochlear.com/au/en/home,"1 University Avenue, Macquarie University, NSW, 2109, Australia",
"Collaborative Drug Discovery, Inc","Collaborative Drug Discovery, Inc",https://www.collaborativedrug.com/,"718 7th St NW, Washington, DC 20001",
,"Collaborative Drug Discovery, Inc",,"Nine Hills Road, Cambridge, CB2 1GE, United Kingdom",
Commissioning Agents International (Australia) Pty Ltd,Commissioning Agents International (Australia) Pty Ltd,https://cagents.com/,"2601 Fortune Circle East, Suite 301B, Indianapolis, IN 46241 USA",
ConnectBio,ConnectBio,https://www.connectbiopharm.com/about-us/,"12265 El Camino Real, Suite 350, San Diego, CA 92130",
Cook�Medical,Cook�Medical,https://www.cookmedical.com.au/,"95 Brandl Street, Eight Mile Plains, Brisbane, QLD 4113, AUSTRALIA",
Corematic,Corematic,https://corematic.com.au/,"4/26 Navigator Place, Hendra QLD 4011",
Crux Biolabs,Crux Biolabs,http://www.cruxbiolabs.com/,"Building 21, 885 Mountain Highway, Bayswater Victoria 3153�Australia",
,Crux Biolabs,,"Building 2A, Ground Floor, Lakes Business Park, 2-12 Lord Street, Botany NSW 2019�Australia",
Cryosite�Ltd,Cryosite�Ltd,https://cryosite.com/,"13a Ferndell Street, South Granville NSW 2142",
CSIRO,CSIRO,http://www.csiro.au/,,
CSL Limited,CSL Limited,http://www.csl.com.au/,"655 Elizabeth Street, Melbourne, VIC 3000 Australia",
Curtin�University -�School of Pharmacy and Biomedical Sciences,Curtin�University -�School of Pharmacy and Biomedical Sciences,,,
Cyban Pty Ltd,Cyban Pty Ltd,https://www.cyban.com.au/,"L18, 1 Nicholson St, East Melbourne 3002",
Cynata Therapeutics,Cynata Therapeutics,http://cynata.com/,"Level 3, 100 Cubitt Street, Cremorne, Victoria, 3121, AUSTRALIA",
Cytiva,Cytiva,https://www.cytivalifesciences.com/en/au,,
Datapharm Australia Pty Ltd,Datapharm Australia Pty Ltd,http://datapharmaustralia.com/,,
Davies Collison Cave,Davies Collison Cave,http://www.davies.com.au/,"Level 15, 1 Nicholson Street, Melbourne, VIC 3000",
,Davies Collison Cave,,"Level 4, 7 Macquarie Place, Sydney NSW 2000",
,Davies Collison Cave,,"Level 10, 301 Coronation Drive, Milton QLD 4064",
,Davies Collison Cave,,"Level 9, 2 Phillip Law Street New Acton, Canberra ACT 2601",
,Davies Collison Cave,,"The Wentworth Building, Level 2, 300 Murray Street Mall Perth 6000",
,Davies Collison Cave,,"24 Davey Street, Hobart Tasmania 7000",
,Davies Collison Cave,,"Q Building University of Newcastle, 16B Honeysuckle Drive, Newcastle NSW 2300",
,Davies Collison Cave,,"Level 30, Westpac House 91 King William Street, Adelaide SA 5000",
Deakin Research Commercial,Deakin Research Commercial,http://www.deakin.edu.au/,,
Deloitte,Deloitte,https://www2.deloitte.com/au/en/pages/about-deloitte/articles/about-deloitte-australia.html,,
De Motu Cordis Pty Ltd,De Motu Cordis Pty Ltd,http://www.demotucordis.co/,,
Department of Environment and Science (QLD),Department of Environment and Science (QLD),http://www.des.qld.gov.au/,,
"Department of Jobs, Tourism, Science and Innovation�(WA)","Department of Jobs, Tourism, Science and Innovation�(WA)",https://www.wa.gov.au/organisation/department-of-jobs-tourism-science-and-innovation,,
"Department of Jobs, Skills, Industry and Regions (VIC)","Department of Jobs, Skills, Industry and Regions (VIC)",https://djsir.vic.gov.au/what-we-do/industry-and-innovation,,
"Department of State Development, Infrastructure, Local Government & Planning (QLD)","Department of State Development, Infrastructure, Local Government & Planning (QLD)",http://www.dsdmip.qld.gov.au/,,
Diagnostic Technology Pty Ltd,Diagnostic Technology Pty Ltd,https://www.diagnostictechnology.com.au/,"Suite 45, 7 Narabang Way, Belrose, NSW, 2085, Australia",
Dimerix Limited,Dimerix Limited,http://dimerix.com/,"425 Smith Street, Fitzroy VIC, 3065 Australia",
DLA Piper Australia,DLA Piper Australia,https://www.dlapiper.com/,,
DMTC Ltd,DMTC Ltd,https://dmtc.com.au/,"Level 1, 620 High Street, Kew VIC� 3101",
Doherty Clinical Trials Ltd,Doherty Clinical Trials Ltd,https://www.dohertyclinicaltrials.com/,,
Douglas Pharmaceuticals Ltd,Douglas Pharmaceuticals Ltd,https://www.douglas.co.nz/,"2 Te Pai Pl, Henderson, Auckland 0610, New Zealand",
Return to A-Z,Return to A-Z,https://www.ausbiotech.org/biotechnology-industry/member-directory,,
E&P Financial Group,E&P Financial Group,http://eap.com.au/,"Level 32, 1 O�Connell Street, Sydney NSW 2000",
,E&P Financial Group,,"Level 9, 171 Collins Street, Melbourne VIC 3000",
,E&P Financial Group,,"Level 6, 1 Constitution Avenue, Canberra ACT 2601",
,E&P Financial Group,,"Level 4, 1 Eagle Street, Brisbane QLD 4000",
Emyria Ltd,Emyria Ltd,https://emyria.com/,"D2 661 Newcastle Street, Leederville WA 6007",
ENA Respiratory,ENA Respiratory,https://enarespiratory.com/,,
Encap Solutions Pty Ltd,Encap Solutions Pty Ltd,https://www.encapsolutions.com.au/,"Building 53/11 Julius Ave, North Ryde NSW 2113 Australia",
Endpoints Capital,Endpoints Capital,https://endpointscapital.com.au/,81-83 Campbell Street Surry Hill NSW 2010,
EnGeneIC,EnGeneIC,https://engeneic.com/,"Level 4, Building 53, 11 Julius Avenue, North Ryde, NSW Australia 2113",
EpiAxis TherapeuticsEpichem Pty Ltd,EpiAxis TherapeuticsEpichem Pty Ltd,https://www.epiaxistherapeutics.com/,,
Epichem Pty Ltd,Epichem Pty Ltd,https://epichem.com.au/,"Suite 11, 3 Brodie-Hall Drive, Technology Park, Bentley WA 6102, Australia",
ERA Consulting,ERA Consulting,https://www.biopharma-excellence.com/,,
ESFAM Biotech,ESFAM Biotech,https://esfambiotech.com.au/,"Level 5, Townsend Building, Sudley Road, Heidelberg Victoria 3084, Australia",
Eurofins | ams,Eurofins | ams,http://www.amslabs.com.au/,179 Magowar Road GIRRAWEEN   NSW  2145 ,
Eversana,Eversana,https://www.eversana.com/,"146 Arthur Street,�Suite 902, Level 9,�North Sydney, Australia NSW 2060",
Evrima Technologies Pty Ltd,Evrima Technologies Pty Ltd,https://www.evrima.com/,,
Exigence,Exigence,https://www.exigence.com.au/,"Level 2, 116 Hardware Street Melbourne VIC 3000",
Return to A-Z,Return to A-Z,https://www.ausbiotech.org/biotechnology-industry/member-directory,,
"Facet Life Sciences, inc.","Facet Life Sciences, inc.",http://facetlifesciences.com/,,
FB Rice,FB Rice,http://www.fbrice.com.au/,"Level 33, 477 Collins StreetMelbourne�VIC�3000 Australia",
,FB Rice,,"Level 23, 44 Market StreetSydney�NSW�2000 Australia",
,FB Rice,,"Level 11, 1 Eagle StreetBrisbane�QLD�4000 Australia",
,FB Rice,,"Level 24, 91 King William StreetAdelaide�SA�5000 Australia",
,FB Rice,,"Level 12, 197 St Georges TerracePerth�WA�6000 Australia",
,FB Rice,,"Level 14, 153 Macquarie StParramatta�NSW�2150 Australia",
Fenix Innovation Group,Fenix Innovation Group,https://www.fenixinnovationgroup.com/,"130/45 Gilby Rd., Mount Waverley, VIC 3149 Australia",
Field Orthopaedics Pty Ltd,Field Orthopaedics Pty Ltd,https://fieldorthopaedics.com/,"30 Florence St, Teneriffe QLD Australia 4005",
FivepHusion,FivepHusion,https://fivephusion.com/,,
Formrite Group Pty Ltd,Formrite Group Pty Ltd,https://www.formrite.com.au/,"18/13 Gibbens Rd, ?West Gosford NSW 2250, Australia",
Fortrea,Fortrea,https://www.fortrea.com/,"8 Moore Drive, Durham, NC 27703",
FPA Patent Attorneys,FPA Patent Attorneys,http://www.fpapatents.com/,"Level 19, South Tower, 80 Collins Street, Melbourne VIC 3000",
Franke Hyland,Franke Hyland,http://www.frankehyland.com.au/,"Level 2 of the Hyundai Building, 394 Lane Cove Road, Macquarie Park NSW 2113",
Fuse Recruitment,Fuse Recruitment,https://www.fuserecruitment.com/,"Suite 1, Level 2, 313 Burwood Road, Hawthorn 3122, Victoria",
,Fuse Recruitment,,"Level 14, 32 Smith St, Parramatta 2150, New South Wales",
Garvan Institute of Medical Research,Garvan Institute of Medical Research,https://www.garvan.org.au/,"384 Victoria Street Darlinghurst NSW, Australia 2010",
Genetic Techonologies Ltd,Genetic Techonologies Ltd,http://www.genetype.com/,"60-66 Hanover Street, Fitzroy, Victoria 3065 Australia",
Gertrude Biomedical Pty Ltd,Gertrude Biomedical Pty Ltd,https://www.gertrudebiomed.com/,"30 Flemington Road, Parkville VIC 3052",
Gild Bioscience,Gild Bioscience,https://thegildgroup.com/bioscience/,"PO Box 213, Moorabbin, VIC, 3189",
Ginkgo Bioworks,Ginkgo Bioworks,https://www.ginkgobioworks.com/,"27 Drydock Avenue, 8th Floor, Boston, MA 02210",
GPN Vaccines,GPN Vaccines,https://gpnvaccines.com/,,
Grant Thornton Australia Limited,Grant Thornton Australia Limited,http://www.grantthornton.com.au/en/industries/life-sciences/,"Level 3, 170 Frome Street, Adelaide �SA �5000",
,Grant Thornton Australia Limited,,"Level 18, 145 Ann Street, Brisbane �QLD �4000",
,Grant Thornton Australia Limited,,"Collins Square, Tower 5, Level 22, 727 Collins Street, Melbourne� VIC �3008",
,Grant Thornton Australia Limited,,"Central Park, Level 43,�152 - 158 St Georges Terrace, Perth �WA �6000",
,Grant Thornton Australia Limited,,"Level 13, 15 Lake Street, Cairns QLD 4870",
,Grant Thornton Australia Limited,,"Level 17, 383 Kent Street, Sydney �NSW �2000",
GreenLight Clinical Pty Ltd,GreenLight Clinical Pty Ltd,https://www.greenlightclinical.com/,,
Gretals Australia Pty Ltd,Gretals Australia Pty Ltd,https://www.gretals.com/,,
Grey Wolf Therapeutics Pty Ltd,Grey Wolf Therapeutics Pty Ltd,https://www.greywolftherapeutics.com/,"99 Park Drive, Milton Park, Abingdon, OX14 4RY, UK",
Griffith Hack,Griffith Hack,http://www.griffithhack.com/,"Level 15, 376-390 Collins St, Melbourne VIC 3000",
,Griffith Hack,,"Suite 4.01, Level 4, 100 Arthur Street, North Sydney NSW 2060",
,Griffith Hack,,"Suite 1402 Level 14, 110 Eagle Street, Brisbane QLD 4000",
,Griffith Hack,,"Level 22, 77 St. Georges Terrace, Perth WA 6000",
Griffith Institute for Drug Discovery,Griffith Institute for Drug Discovery,https://www.griffith.edu.au/institute-drug-discovery,,
"Griffith University, Griffith Enterprise","Griffith University, Griffith Enterprise",http://www.griffith.edu.au/,,
HaemaLogiX Pty Ltd,HaemaLogiX Pty Ltd,http://www.haemalogix.com/,"Suite 306, Level 3, 343 George Street, SYDNEY NSW � 2000 Australia",
Hall & Wilcox,Hall & Wilcox,https://hallandwilcox.com.au/,"100 King William Street, Adelaide SA 5000, Australia",
,Hall & Wilcox,,"Level 18, 240 Queen Street, Brisbane QLD 4000 Australia",
,Hall & Wilcox,,"Level 4, 33 Ainslie Place, Canberra ACT 2601 Australia",
,Hall & Wilcox,,"Tenancy A, Ground Floor, 18 Smith Street, Darwin NT 0800 Australia",
,Hall & Wilcox,,"Level 11, Rialto South Tower, 525 Collins Street, Melbourne VIC 3000 Australia",
,Hall & Wilcox,,"Level 4, 400 Hunter Street, Newcastle NSW 2300 Australia",
,Hall & Wilcox,,"Level 19 108 St Georges Terrace, Perth WA 6000 Australia",
,Hall & Wilcox,,"Level 18, 347 Kent Street, Sydney NSW 2000 Australia",
Harvest Integrated Research Organization Australia Pty Limited (HiRO),Harvest Integrated Research Organization Australia Pty Limited (HiRO),https://en.harvestiro.com/,"202 Water St, Excelsior, MN 55331, USA",
,Harvest Integrated Research Organization Australia Pty Limited (HiRO),,"6FJ8+GF3, Nanjing Rd (W), Jing'An, Shanghai, China, 200041",
,Harvest Integrated Research Organization Australia Pty Limited (HiRO),,"No. 5, Zhongxiao E Rd, Zhongzheng District, Taipei City, Taiwan 100",
,Harvest Integrated Research Organization Australia Pty Limited (HiRO),,"20 Customs Street East, Auckland CBD, Auckland 1010, New Zealand",
,Harvest Integrated Research Organization Australia Pty Limited (HiRO),,"5f, 460 Bongeunsa-ro, Gangnam District, Seoul, South Korea",
Health and Medical Industries,Health and Medical Industries,https://dti.sa.gov.au/,,
Heart Research Institute,Heart Research Institute,https://www.hri.org.au/,"7 Eliza Street, Newtown NSW 2042",
HMC Capital,HMC Capital,https://www.hmccapital.com.au/,"Level 7, 1 Macquarie Place, Sydney NSW 2000",
Horten Medical,Horten Medical,http://www.hortenmedical.com.au/,"The Connectory, 701-703 Parramatta Road, Leichhardt NSW 2040",
Hunton�Executive Recruitment and Consulting Pty Ltd,Hunton�Executive Recruitment and Consulting Pty Ltd,https://www.huntonexecutive.com/,,
ide�Group,ide�Group,https://ide.group/,"701-703 Parramatta Rd, Leichhardt NSW 2040 AUS",
,ide�Group,,"Stationsplein 45, Unit D2.113, 3013 AK Rotterdam NLD",
,ide�Group,,"5066 West Chester Pike, Newtown Square PA 19073 USA",
IDT Australia Ltd,IDT Australia Ltd,http://www.idtaus.com.au/,"45 Wadhurst Drive, Boronia, Victoria 3155 Australia",
Illumina Australia Pty Ltd,Illumina Australia Pty Ltd,http://www.illumina.com/,"5200 Illumina Way, San Diego, CA 92122",
Immuron Limited,Immuron Limited,http://www.immuron.com/,"Building 10, 25-37 Chapman Street, Blackburn North, VIC 3131 Australia",
Immutep Limited,Immutep Limited,http://www.immutep.com/,"Level 32, Suite 32.07 Australia Square, 264 George Street, Sydney, NSW 2000, Australia",
,Immutep Limited,,"Parc Les Algorithmes, B�timent 7- Le Pythagore, Route de l�Orme - RD128, 91190 SAINT-AUBIN France",
,Immutep Limited,,"Glinkastr. 28, 10117 Berlin Germany",
ImpactXHealth,ImpactXHealth,https://www.impactxhealth.com/,,
Imugene Ltd,Imugene Ltd,http://www.imugene.com/,"Suite 12.01, Level 12, 4-6 Bligh Street, SYDNEY, NSW 2000 AUSTRALIA",
Increment4,Increment4,https://increment4.com/,,
Indigo Advisory,Indigo Advisory,https://www.indigoadvisorygroup.com/,"450 Lexington Ave, 4th Fl., NY, NY 10017",
Ingham Institute for Applied Medical Research,Ingham Institute for Applied Medical Research,http://www.inghaminstitute.org.au/,"1 Campbell Street, Liverpool NSW 2170",
InhaleRx Ltd,InhaleRx Ltd,https://inhalerx.com.au/,"Level 5, 126 Phillip Street, SYDNEY NSW 2000",
"Innovation & Commercialisation Services, The University of Adelaide","Innovation & Commercialisation Services, The University of Adelaide",http://www.adelaide.edu.au/ics,,
INOVIQ Limited,INOVIQ Limited,http://www.inoviq.com/,"23 Normanby Road, Notting Hill VIC 3168 Australia",
Institute for Glycomics,Institute for Glycomics,https://www.griffith.edu.au/institute-glycomics,,
"Institute for Molecular Bioscience,�The University of Queensland","Institute for Molecular Bioscience,�The University of Queensland",,,
Integrated DNA Technologies Australia Pty Ltd,Integrated DNA Technologies Australia Pty Ltd,http://www.idtdna.com/,"1710 Commercial Park, Coralville, Iowa 52241 USA",
,Integrated DNA Technologies Australia Pty Ltd,,"41 Science Park Road, #01-29 The Gemini, Singapore Science Park II, Singapore 117610, Republic of Singapore",
,Integrated DNA Technologies Australia Pty Ltd,,"Interleuvenlaan 12A, B-3001 Leuven Belgium",
Intellect Labs Pty Ltd,Intellect Labs Pty Ltd,https://intellectlabs.com.au/,"36 Agnes Street, Fortitude Valley QLD 4006 Australia",
Intuitive Insurance Solutions Pty Ltd,Intuitive Insurance Solutions Pty Ltd,http://www.intuitiveinsurance.com.au/,"Suite 6/03, 127 York St, Sydney NSW 2000",
Invion Limited,Invion Limited,https://inviongroup.com/,"100 Albert Road, South Melbourne VIC 3205",
IP Group Australia,IP Group Australia,http://www.ipgroupplc.com/,"2nd Floor 3 Pancras Square, King�s Cross, London, England N1C 4AG",
IQVIA�Biotech,IQVIA�Biotech,https://www.iqviabiotech.com/,,
James & Wells Australia,James & Wells Australia,http://www.jamesandwells.com/,"Suite 5, Level 22, Central Plaza One, 345 Queen St, Brisbane QLD 4000 Australia",
,James & Wells Australia,,"Level 2, 123 Carlton Gore Road, Newmarket, Auckland 1023, New Zealand",
,James & Wells Australia,,"Suite 2, Level 6, 160 Queen Street, Melbourne Victoria 3000",
Johnson Matthey (Aust) Ltd,Johnson Matthey (Aust) Ltd,http://www.matthey.com.au/,"64 Lillee Crescent, Tullamarine Melbourne",
Kantara Consulting,Kantara Consulting,https://kantaraconsulting.com.au/,,
Kurraba Group,Kurraba Group,https://www.kurrabagroup.com/,"Level 15, 124 Walker Street, North Sydney NSW 2060",
Labcorp,Labcorp,https://www.labcorp.com/,,
"La Trobe University, Innovation & Commercialisation","La Trobe University, Innovation & Commercialisation",http://www.latrobe.edu.au/researchers/innovation-commercialisation,Australia,
LBT Innovations,LBT Innovations,http://www.lbtinnovations.com/,"16 Anster St, Adelaide SA 5000",
Life Sciences Queensland Ltd (LSQ),Life Sciences Queensland Ltd (LSQ),http://www.lsq.com.au/,"37 Kent Street, Woolloongabba, Queensland 4102",
Linear Clinical Research Ltd,Linear Clinical Research Ltd,https://www.linear.org.au/,"QEII Medical Centre, First Floor, B Block, Hospital Avenue, Nedlands WA 6009, Australia",
Lucid Health Consulting�Pty Ltd,Lucid Health Consulting�Pty Ltd,http://www.lucidhealthcon.com/,"32 Mitchell St, McMahon�s Pt NSW 2060",
Lusid Pty Ltd,Lusid Pty Ltd,,,
M:M Bio,M:M Bio,https://www.molecule2medicine.com/,"99 Park Drive, Milton, Abingdon, England, OX14 4RY",
Macarthur Human Capital,Macarthur Human Capital,https://www.macarthurhc.com.au/,,
Macquarie University - Faculty of Medicine & Health Sciences,Macquarie University - Faculty of Medicine & Health Sciences,http://www.mq.edu.au/about/about-the-university/faculties-and-departments/faculty-of-medicine-and-health-sciences,,
Madderns Patent & Trade Mark Attorneys,Madderns Patent & Trade Mark Attorneys,http://www.madderns.com.au/,,
MaH�Clinical Trial Solutions,MaH�Clinical Trial Solutions,https://www.mahpharma.com/,"6/256E New Line Road, Dural, NSW 2158, Sydney, Australia�",
Marken,Marken,https://www.marken.com/,"Unit 5/14 Ashtan Place, Banyo, QLD, 4014 Australia",
,Marken,,"Unit 1/2 Distribution Lane, Sockburn, Christchurch, 8042 New Zealand",
,Marken,,"No.1 Shunqiang Rd., 2nd Floor, West Side building #1, Shunyi District Beijing 101300 China",
,Marken,,"Unit 12-13, 10/F, Peninsula Tower, 538 Castle Peak Road, Cheung Sha Wan, Kowloon, Hong Kong China",
,Marken,,"Plot� No.� 46/5, Survey no.348/1, Cooperative Industrial Estate, Gandhi Nagar, Kutbullapur, Hyderabad � Telangana 500037",
McCloud Consulting Group,McCloud Consulting Group,http://www.mccloudcg.com/,"Suite 13/23 Narabang Way, Belrose NSW 2085, Sydney, Australia",
McCullough Robertson Lawyers,McCullough Robertson Lawyers,https://www.mccullough.com.au/,,
Medtechnique Consulting,Medtechnique Consulting,http://www.medtechnique.com.au/,,
Medtronic Australasia Pty Ltd,Medtronic Australasia Pty Ltd,http://www.medtronic.com.au/,"2�Alma Road, Macquarie Park, NSW�2113 Australia",
Meizon Innovation,Meizon Innovation,https://www.linkedin.com/company/meizon-innovation-pty-ltd/,,
"Melbourne School of Engineering, The University of Melbourne","Melbourne School of Engineering, The University of Melbourne",https://eng.unimelb.edu.au/,,
Merck Pty Ltd,Merck Pty Ltd,https://www.merckmillipore.com/Au/en,"Ground Floor, Building 1, 885 Mountain Highway, Bayswater, VIC�3153 Australia",
Mesoblast Limited,Mesoblast Limited,http://www.mesoblast.com/,"55 Collins Street, Level 38, Melbourne 3000",
,Mesoblast Limited,,"505 Fifth Avenue, Level 3, New York, NY 10017",
,Mesoblast Limited,,"21 Biopolis Road, #01-22 Nucleos (South Tower), Singapore 138567",
mexec,mexec,http://www.mexeccareers.com/,,
Microba Pty Ltd,Microba Pty Ltd,http://www.microba.com/,,
Microbio,Microbio,http://microbio.com.au/,,
MINIMUM bio Pty Ltd,MINIMUM bio Pty Ltd,https://minimumbio.com/,,
Mobius Medical Pty Ltd,Mobius Medical Pty Ltd,https://mobiusmedical.com.au/,"Suite 1403/275 Alfred Street, North Sydney, NSW 2060 Australia",
,Mobius Medical Pty Ltd,,400 S 4th St Ste 410 Minneapolis MN 55415 USA,
Moderna Australia Pty Ltd,Moderna Australia Pty Ltd,https://www.modernatx.com/en-AU,"Level 49, 101 Collins St, Melbourne VIC 3000",
Monash College,Monash College,https://www.monashcollege.edu.au/,,
Monash Innovation,Monash Innovation,http://monash.edu/industry/,,
Morgans Financial Limited,Morgans Financial Limited,http://www.morgans.com.au/,"Riverside Centre, Level 29/123 Eagle St, Brisbane City QLD 4000",
,Morgans Financial Limited,,"Level 21/88 Phillip St, Sydney NSW 2000",
,Morgans Financial Limited,,"367 Collins St, Melbourne VIC 3000",
,Morgans Financial Limited,,"Level 1/25 Napier Cl, Deakin ACT 2600",
,Morgans Financial Limited,,"Level 9/86 Collins St, Hobart TAS 7000",
,Morgans Financial Limited,,"Level 2/36 Mitchell St, Darwin City NT 0800",
,Morgans Financial Limited,,"Level 1/70 Hindmarsh Square, Adelaide SA 5000",
,Morgans Financial Limited,,"Level 4, 50 Colin Street, West Perth WA 6005",
Murdoch Children's Research Institute,Murdoch Children's Research Institute,http://www.mcri.edu.au/,,
National Foundation for Medical Research and Innovation,National Foundation for Medical Research and Innovation,http://www.nfmri.org.au/,,
Navbit Pty Ltd,Navbit Pty Ltd,https://navbit.com/,"Suite 201, National Innovation Centre, 4 Cornwallis Street, South Eveleigh 2015, Eveleigh. Australia.",
Neo-Bionica,Neo-Bionica,https://neo-bionica.com/,,
Neuren Pharmaceuticals Limited,Neuren Pharmaceuticals Limited,http://www.neurenpharma.com/,"Suite 201, 697 Burke Road, Camberwell, VIC�3124 Australia",
Neuroscience Trials Australia,Neuroscience Trials Australia,https://neurosciencetrialsaustralia.com/,"30 Royal Parade, Parkville, Victoria 3052",
Newline Australia Insurance Pty Ltd,Newline Australia Insurance Pty Ltd,http://www.connectliability.com.au/,,
Next Science�Technologies Pty Ltd,Next Science�Technologies Pty Ltd,https://www.nextscience.com/,"10550 Deerwood Park Blvd #300, Jacksonville, FL 32256",
Nexus APAC,Nexus APAC,https://nexusapac.com.au/,"10 Bourke St, Barton ACT 2600",
,Nexus APAC,,"20 Bond St, Sydney NSW 2000",
Nirtek Pty Ltd,Nirtek Pty Ltd,http://www.nirtek.com.au/,"75 Commercial Road, Melbourne, Victoria, 3004, Australia",
Novartis Pharmaceuticals Australia Pty Ltd,Novartis Pharmaceuticals Australia Pty Ltd,http://www.novartis.com.au/,"54 Waterloo Rd, Macquarie Park NSW 2113",
Novotech,Novotech,http://www.novotech-cro.com/,"Level 19, 66 Goulburn Street, Sydney Australia",
Noxopharm,Noxopharm,https://www.noxopharm.com/site/content/,"Suite 71, 159 Ridgecrop Drive, CASTLE HILL NSW 2154",
NSW Government,NSW Government,http://investment.nsw.gov.au/,,
Nucleus Network,Nucleus Network,http://www.nucleusnetwork.com.au/,"Level 5, Clive Berghofer Cancer Research Centre (CBRC Building), 300C Herston Rd, Herston, Queensland, 4006 Australia",
Nutromics,Nutromics,https://www.nutromics.com/,"420 Victoria St, Brunswick VIC 3056",
,Nutromics,,"9276 Scranton Rd, San Diego, CA 92121, USA",
Nyrada Inc,Nyrada Inc,https://www.nyrada.com/site/content/,"Suite 2, Level 3, 828 Pacific Highway, Gordon NSW 2072. AUSTRALIA",
Obatica Pty Ltd,Obatica Pty Ltd,https://obatica.com/,"Level 1, 1-5 Link Road, Zetland 2017, Sydney NSW. Australia",
Oculus BioMed Ltd,Oculus BioMed Ltd,https://oculusbiomed.com.au/,"Level 19, 390 St. Kilda Rd, Melbourne, VIC, 3004",
OFX�*special member discount,OFX�*special member discount,https://www.ofx.com/en-au/?pid=15355,"Level 19, 60 Margaret Street, Sydney NSW 2000 Australia",
Omico,Omico,https://www.omico.com.au/,"Hilmer Building (E10), Union Rd, UNSW, Kensington, NSW, 2052 Australia",
OncoSil Medical Ltd,OncoSil Medical Ltd,https://www.oncosil.com/,"Level 5, 7 Eden Park Drive, Macquarie Park, NSW, 2113",
,OncoSil Medical Ltd,,"OncoSil Medical Europe GmbH, Kurfuerstendamm 195/3rd Fl., 10707 Berlin",
OncoRes Medical Ltd,OncoRes Medical Ltd,https://www.oncoresmedical.com/,"Suite 5 24 Leura Street, Nedlands WA 6009 Australia.",
OneVentures Pty Ltd,OneVentures Pty Ltd,http://www.one-ventures.com/,"Suite 13/02/179 Elizabeth St, Sydney NSW 2000 Australia",
,OneVentures Pty Ltd,,"17/31 Queen St, Melbourne VIC 3000, Australia",
On Q Recuitment,On Q Recuitment,https://www.onqrecruitment.com.au/,"Level 4, 69 Christie Street, St Leonards, NSW 2065",
Opthea Limited,Opthea Limited,http://www.opthea.com/,"Suite 0403, Level 4, 650 Chapel Street, South Yarra, Victoria 3141 Australia",
OptiScan Imaging Ltd,OptiScan Imaging Ltd,https://www.optiscan.com/,"16 Miles Street, Mulgrave, Melbourne VIC 3170, AUSTRALIA",
,OptiScan Imaging Ltd,,"3828 Kennett Pike, Suite 212, Greenville, DE 19807, USA",
,OptiScan Imaging Ltd,,"221 1st Avenue SW, Suite 610, Rochester, MN 55902, USA",
Oroborus Pty Ltd,Oroborus Pty Ltd,https://oroborus.com.au/,"37 Kent Street, Woolloongabba Queensland 4102, Australia",
Orthocell,Orthocell,http://www.orthocell.com.au/,"Building 191 Murdoch University, South Street, Murdoch. WA 6150",
Pakair Cargo Specialists Pty Ltd,Pakair Cargo Specialists Pty Ltd,https://www.pakair.com.au/,"9 Duigan Drive, Moorabbin Airport, VIC 3194 Australia",
Paradigm BioPharmaceuticals Ltd,Paradigm BioPharmaceuticals Ltd,https://paradigmbiopharma.com/,,
Parexel International Pty Ltd,Parexel International Pty Ltd,https://www.parexel.com/,"2520 Meridian Parkway,, Durham, NC 27713",
Patrys Ltd,Patrys Ltd,http://www.patrys.com/,"Level 4, 100 Albert Road, South Melbourne VIC 3205 Australia",
Percheron Therapeutics Limited,Percheron Therapeutics Limited,https://percherontx.com/,"L30, Collins Place, 35 Collins Street, Melbourne, VIC 3000 Australia",
Perennial Partners,Perennial Partners,https://perennial.net.au/,"Aurora Place, Level 27, 88 Phillip Street Sydney NSW 2000",
,Perennial Partners,,"Level 14, 55 Collins Street, Melbourne VIC 3000",
,Perennial Partners,,"Level 38, 71 Eagle Street Brisbane QLD 4000",
Peter MacCallum Cancer Centre,Peter MacCallum Cancer Centre,http://www.petermac.org/,"305 Grattan St, Melbourne VIC 3052",
PharmAust Limited,PharmAust Limited,https://www.pharmaust.com/,"Level 4, 96-100 Albert Road, South Melbourne VIC 3205",
Pharmsite Pty Limited,Pharmsite Pty Limited,http://www.pharmsite.com.au/,,
Phillips Ormonde Fitzpatrick,Phillips Ormonde Fitzpatrick,http://www.pof.com.au/,"Level 16 333 Collins Street, Melbourne VIC 3000",
,Phillips Ormonde Fitzpatrick,,"Suite 15.02 Level 15 4-6 Bligh Street, Sydney NSW 2000",
,Phillips Ormonde Fitzpatrick,,"Level 3 74 Pirie Street, Adelaide SA 5000",
,Phillips Ormonde Fitzpatrick,,"Building NP, ManuFutures, Deakin University, 75 Pigdons Road, Waurn Ponds VIC 3216",
,Phillips Ormonde Fitzpatrick,,"PO Box 79, Woodbridge TAS 7162",
Piper Alderman,Piper Alderman,http://www.piperalderman.com.au/,"Level 23, Governor Macquarie Tower",
Planet Innovation Pty Ltd,Planet Innovation Pty Ltd,http://www.planetinnovation.com.au/,"Level 23, Governor Macquarie Tower, 1 Farrer Place, Sydney NSW 2000",
,Planet Innovation Pty Ltd,,"Level 23/459 Collins St, Melbourne VIC 3000",
,Planet Innovation Pty Ltd,,"Riparian Plaza, level 26/71 Eagle St, Brisbane City QLD 4000",
,Planet Innovation Pty Ltd,,"16/70 Franklin St, Adelaide SA 5000",
,Planet Innovation Pty Ltd,,"Exchange Tower, Level 27/2 The Esplanade, Perth WA 6000",
PolyActiva Pty Ltd,PolyActiva Pty Ltd,https://polyactiva.com/,"77 Crown Street, Richmond VIC 3121 Australia",
,PolyActiva Pty Ltd,,"C/O MIPS, 381-399 Royal Parade, Parkville VIC 3052 Australia",
PolyNovo Limited,PolyNovo Limited,http://polynovo.com.au/,"2/320 Lorimer Street, Port Melbourne, Victoria 3207 Australia",
Premier Research Australia Pty Ltd,Premier Research Australia Pty Ltd,http://www.premier-research.com/,"Ground Floor, 23 Milton Parade, Malvern VIC 3144",
,Premier Research Australia Pty Ltd,,"3800 Paramount Parkway Suite 400, Morrisville, NC 27560",
Prescient Therapeutics Limited,Prescient Therapeutics Limited,http://www.ptxtherapeutics.com/,"Level 4, 100 Albert Road, South Melbourne VIC 3205",
Prime Accounting and Business Advisory Pty Ltd,Prime Accounting and Business Advisory Pty Ltd,http://www.primefinancial.com.au/,"Level 17, HWT Tower, 40 City Road, Southbank VIC 3006",
,Prime Accounting and Business Advisory Pty Ltd,,"Suite 3, Level 3, 1 Bligh Street, Sydney NSW 2000",
,Prime Accounting and Business Advisory Pty Ltd,,"Level 6/100 Creek Street, Brisbane QLD 4000",
ProPharma Group,ProPharma Group,https://www.propharmagroup.com/,"Suite 6, Ground Level, 452 Johnston Street, Abbotsford, VIC 3067",
Proto Axiom Pty Ltd,Proto Axiom Pty Ltd,https://www.protoaxiom.com/,"Suite 303, 80 Mount Street, North Sydney NSW 2060 Australia",
Protagonist Pty Ltd,Protagonist Pty Ltd,http://www.protagonist-inc.com/,"306 Carmody Road, St Lucia, Brisbane Qld 4072�AUSTRALIA",
,Protagonist Pty Ltd,,"7707 Gateway Boulevard, Suite 140, Newark, CA 94560-1160�USA",
Proteomics International Laboratories Limited,Proteomics International Laboratories Limited,http://www.proteomicsinternational.com/,"QEII Medical Centre, 6 Verdun Street, Nedlands, Perth WA 6009�Australia",
PSC Biotech Pty Ltd,PSC Biotech Pty Ltd,https://biotech.com/,"26 Boon Lay Way,�Trade Hub 21�#01-92, Singapore 609970",
QBiotics Group Limited,QBiotics Group Limited,https://qbiotics.com/,"PO Box 42, Toowong BC, QLD 4066 Australia",
QIMR Berghofer Medical Research Institute,QIMR Berghofer Medical Research Institute,http://www.qimrberghofer.edu.au/,"300 Herston Road, Herston, Queensland 4006",
Queensland University of Technology - Industry Engagement,Queensland University of Technology - Industry Engagement,http://www.research.qut.edu.au/,"2 George St, Brisbane, QLD 4000",
Race Oncology Limited,Race Oncology Limited,https://raceoncology.com/,"1 Macquarie Pl, Sydney NSW 2000, Australia",
Radium Capital,Radium Capital,https://radiumcapital.com.au/,"Level 3, 2 Mill Street, Perth, WA 6000",
,Radium Capital,,"Level 1, 388 George Street, Sydney, NSW 2000",
,Radium Capital,,"10-20 Gwynne Street, Cremorne, Melbourne, VIC 3121",
,Radium Capital,,"Level 38, 71 Eagle Street, Brisbane, QLD 4000",
Recce Pharmaceuticals Ltd,Recce Pharmaceuticals Ltd,http://www.recce.com.au/,"Level 23, 180 George St, Salesforce Tower, SYDNEY NSW 2000 Australia",
Research Australia Limited,Research Australia Limited,http://researchaustralia.org/,"384 Victoria Street, Darlinghurst NSW 2010",
"Research, Innovation & Commercialisation (RIC), The University of Melbourne","Research, Innovation & Commercialisation (RIC), The University of Melbourne",https://research.unimelb.edu.au/commercialisation,"The University of Melbourne, Grattan Street, Parkville, Victoria, 3010, Australia",
Resolian Bioanalytics,Resolian Bioanalytics,https://www.resolian.com/,"34 Corporate Dr, Cannon Hill QLD 4170",
Resolutum Global Pty Ltd,Resolutum Global Pty Ltd,http://www.rgcro.com/,"Melbourne, VIC 3806, AU",??
Resonance Health Pty Ltd,Resonance Health Pty Ltd,http://www.resonancehealth.com/,"141 Burswood Rd, Burswood WA 6100",
Respiri Limited,Respiri Limited,https://respiri.co/,"Suite 1, Level 9, 432 St Kilda Rd, Melbourne VIC 3004",
,Respiri Limited,,"750 Lexington Ave, 23rd Fl, New York, NY 10022",
Respirion Pharmaceuticals Pty Ltd,Respirion Pharmaceuticals Pty Ltd,https://respirionpharma.com/,"PO Box 214, Joondalup DC WA 6919",
,Respirion Pharmaceuticals Pty Ltd,,"3602 Horizon Drive, Suite 160, King of Prussia PA 19406",
Rob McInnes IP Advisory Pty Ltd,Rob McInnes IP Advisory Pty Ltd,http://www.robmcinnes.com.au/,"PO Box 817, Newtown NSW 2042",
Roche Australia,Roche Australia,http://www.roche-australia.com/,"2 Julius Avenue, North Ryde NSW 2113 Australia",
,Roche Australia,,"Level 8, 30-34 Hickson Road, Sydney NSW 2000 Australia",
,Roche Australia,,"98 Carlton Gore Road, Auckland 1023, Newmarket, New Zealand",
RSM Australia,RSM Australia,https://www.rsm.global/australia/,"Level 32/2 The Esplanade, Perth WA 6000",
,RSM Australia,,"Level 13/60 Castlereagh St, Sydney NSW 2000",
,RSM Australia,,"Level 6/340 Adelaide St, Brisbane City QLD 4000",
,RSM Australia,,"2/191 Pulteney St, Adelaide SA 5000",
,RSM Australia,,"Level 27/120 Collins St, Melbourne VIC 3000",
,RSM Australia,,"Equinox, Building 4, Level 2/70 Kent St, Deakin ACT 2600",
Sanofi ANZ,Sanofi ANZ,https://www.sanofi.com.au/,"Level 6, 412 St Kilda Road, Melbourne VIC 3004",
,Sanofi ANZ,,"87 Yarraman Place, Virginia QLD 4014",
,Sanofi ANZ,,"c/o DLA Piper, Level 15, PwC Tower, 15 Customs Street West, Auckland 1010",
,Sanofi ANZ,,"Talavera Corporate Centre, Building D, 12-24 Talavera Road, Macquarie Park, NSW 2113",
SAPRO Consulting Pty Ltd,SAPRO Consulting Pty Ltd,https://www.saproconsulting.com.au/,"Suite 201/1 at 175b Stephen Street, Yarraville VIC 3013",
Sementis Limited,Sementis Limited,http://www.sementis.com.au/,"25 North Terrace, Hackney SA, 5069, Australia",
Scientia Clinical Research Ltd,Scientia Clinical Research Ltd,https://www.scientiaclinicalresearch.com.au/,"5th Floor, Bright Alliance Building, Corner High and Avoca Street, Randwick, NSW 2031",
Shengsheng Australia Pty Ltd,Shengsheng Australia Pty Ltd,https://www.ssintnl.com/,"Building 3, #327 Jifeng Road, Minhang District, Shanghai",
Silverstone Developments Pty Ltd,Silverstone Developments Pty Ltd,http://silverstonedevelopments.com.au/,"Level 4, 26 Commercial Road, Newstead 4005",
Smartways Logistics for Lifescience,Smartways Logistics for Lifescience,https://smartwayslfl.com/,"7/5 Talavera Road, Macquarie Park NSW 2113 Australia",
Snoretox Ltd,Snoretox Ltd,http://www.snoretox.com/,,
Sonic Clinical Trials Pty Ltd,Sonic Clinical Trials Pty Ltd,http://www.sonicclinicaltrials.com/,"14 Giffnock Avenue, Macquarie Park NSW 2113, Australia",
Southern RNA Pty Ltd,Southern RNA Pty Ltd,https://southernrna.com.au/,"6 Yoga Wy, Springfield Central QLD 4300",
Southern Star Research,Southern Star Research,http://www.southernstarresearch.com/,"1 Merriwa Street, Gordon NSW 2072 Australia",
SpeeDx Pty Ltd,SpeeDx Pty Ltd,https://plexpcr.com/,"Suite 102, National Innovation Centre, 4 Cornwallis Street, Eveleigh, NSW 2015 Australia",
,SpeeDx Pty Ltd,,"Acre House, 11/15 William Road, London, NW1 3ER, United Kingdom",
,SpeeDx Pty Ltd,,"1400 Barbara Jordan Boulevard, Austin, TX 78723, United States",
Spruson & Ferguson,Spruson & Ferguson,http://www.spruson.com/,"Level 6, 175 Eagle Street, Brisbane QLD 4000, Australia",
,Spruson & Ferguson,,"Level 27, 385 Bourke Street, Melbourne, Victoria, 3000, Australia",
,Spruson & Ferguson,,"Level 24, Tower 2, Darling Park, 201 Sussex Street, Sydney NSW 2000, Australia",
Starpharma Holdings Limited,Starpharma Holdings Limited,http://www.starpharma.com/,,
St Vincent's Hospital Melbourne,St Vincent's Hospital Melbourne,http://www.svhm.org.au/,"41 Victoria Parade, Fitzroy�VIC�3065",
Syneos Health,Syneos Health,http://www.syneoshealth.com/,"Level 24, 91 Westpac House, King William St., Adelaide, 5000, Australia",
Syntara,Syntara,https://www.pharmaxis.com.au/,,
Takeda Pharmaceutical Company Limited,Takeda Pharmaceutical Company Limited,http://www.takeda.com/,"1-1, Nihonbashi-Honcho 2-chome, Chuo-ku, Tokyo 103-8668, Japan",
,Takeda Pharmaceutical Company Limited,,"1-1, Doshomachi 4-chome, Chuo-ku, Osaka 540-8645, Japan",
Technovalia Pty Ltd,Technovalia Pty Ltd,http://www.technovalia.com/,"5a Hartnett Cl, Mulgrave VIC 3170, Australia",
TekCyte Pty Ltd,TekCyte Pty Ltd,https://tekcyte.com/,"Level 3, Materials and Minerals (MM) Building, UniSA Mawson Lakes Campus, Mawson Lakes, South Australia 5095 Australia",
Teleaus Bioscience Health Pty Ltd (Genofax),Teleaus Bioscience Health Pty Ltd (Genofax),https://www.genofax.com/,,
Telethon Kids Institute,Telethon Kids Institute,http://www.telethonkids.org.au/,"Northern Entrance, Perth Children's Hospital, 15 Hospital Avenue, NEDLANDS WA 6009",
Telix Pharmaceuticals Pty Ltd,Telix Pharmaceuticals Pty Ltd,http://www.telixpharma.com/,"Level 4, 55 Flemington Road, North Melbourne, VIC Australia, 3051",
,Telix Pharmaceuticals Pty Ltd,,"Suite 7.01, 10 Bridge Street, Sydney, NSW Australia, 2000",
,Telix Pharmaceuticals Pty Ltd,,"52 McDougall Street, Milton, Brisbane, QLD Australia, 4064",
Tenmile Ventures Pty Ltd,Tenmile Ventures Pty Ltd,https://www.tenmile.com/,"PO Box 3155, Broadway Nedlands, WA 6009",
Teva Pharmaceuticals Australia Pty Ltd,Teva Pharmaceuticals Australia Pty Ltd,http://www.tevapharm.com/,"37 Epping Road, Macquarie Park, NSW 2113",
Therapeutic Goods Administration (TGA),Therapeutic Goods Administration (TGA),https://www.tga.gov.au/,"TGA, PO Box 100, Woden ACT 2606, Australia",
Thermo Fisher Scientific,Thermo Fisher Scientific,https://www.thermofisher.com/au/en/home.html,"168 Third Avenue, Waltham, MA USA 02451",
The Florey Institute of Neuroscience and Mental Health,The Florey Institute of Neuroscience and Mental Health,https://florey.edu.au/,"30 Royal Parade, Parkville,�Victoria�3052",
The Institute for Molecular Biosciences - The University of Queensland,The Institute for Molecular Biosciences - The University of Queensland,http://imb.uq.edu.au/,"The University of Queensland, Brisbane QLD 4072 Australia",
"The University of Newcastle, Knowledge Exchange and Enterprise (KEE)","The University of Newcastle, Knowledge Exchange and Enterprise (KEE)",https://www.newcastle.edu.au/engage/business-and-industry/knowledge-exchange-and-enterprise,,
"The University of Queensland, Biotechnology Program","The University of Queensland, Biotechnology Program",http://www.scmb.uq.edu.au/biotech,"Chemistry Building 68, Cooper Road, The University of Queensland, St Lucia 4072,�Queensland, Australia",
Tissue Repair,Tissue Repair,https://tissuerepair.com.au/,"Level 10, 255 Pitt St, Sydney, NSW, 2000 Australia",
Traders Macquarie Pty Ltd,Traders Macquarie Pty Ltd,,,
Translational Research Institute Australia,Translational Research Institute Australia,http://www.tri.edu.au/,"37 Kent Street, Woolloongabba QLD 4102, AUSTRALIA",
TruScreen Pty Ltd,TruScreen Pty Ltd,http://www.truscreen.com/,"Suite 3.03, 18 Orion Rd, Lane Cove West, NSW 2066 Australia",
,TruScreen Pty Ltd,,"c/- HLB Mann Judd Limited, Level 6, Equitable House 57, Symonds Street, Grafton, Auckland 1010 New Zealand",
Uniquest Pty Ltd,Uniquest Pty Ltd,http://www.uniquest.com.au/,,
Unispace,Unispace,https://www.unispace.com/industry-life-sciences,"Suite 3, Level 3, 12 Pirie St, Adelaide SA 5000 Australia",
,Unispace,,"Level 24, 188 Quay Street, Auckland 1010 New Zealand",
,Unispace,,"Level 9, Suite 1, 'The Annex', 12 Creek Street, Brisbane QLD 4000 Australia",
,Unispace,,"Level 4, 1 Collins Street, Melbourne VIC 3000 Australia",
,Unispace,,"Level 7, 191 St Georges Terrace, Perth WA 6000 Australia",
,Unispace,,"Level 43, 225 George Street, Sydney NSW 2000 Australia",
Universal Biosensors Pty Ltd,Universal Biosensors Pty Ltd,http://www.universalbiosensors.com/,"1 Corporate Ave, Rowville VIC 3178",
University of South Australia - Enterprise Partnership Unit,University of South Australia - Enterprise Partnership Unit,https://www.unisa.edu.au/,,
University of Tasmania,University of Tasmania,http://www.utas.edu.au/,,
"University of Technology Sydney , Faculty of Science","University of Technology Sydney , Faculty of Science",https://www.uts.edu.au/about/faculty-science,,
"University of Wollongong - Faculty of Science, Medicine and Health","University of Wollongong - Faculty of Science, Medicine and Health",https://www.uow.edu.au/science-medicine-health/,,
UNSW Industry & Innovation,UNSW Industry & Innovation,https://www.knowledgeexchange.unsw.edu.au/,,
UNSW RNA Institute,UNSW RNA Institute,https://www.rna.unsw.edu.au/,"Level 6 Hilmer Building (E10), UNSW Kensington Campus",
UNSW School of Biotechnology and Biomolecular Sciences,UNSW School of Biotechnology and Biomolecular Sciences,https://www.unsw.edu.au/science/our-schools/babs,"UNSW Sydney, High St�, Kensington NSW 2052�Australia",
Vaxxas Pty Ltd,Vaxxas Pty Ltd,https://www.vaxxas.com/,"47 Thorndike St Suite B1-1, Cambridge MA 02141 United States",
,Vaxxas Pty Ltd,,"240 MacArthur Avenue, Hamilton QLD 4007 Australia",
Vectus Biosystems Limited,Vectus Biosystems Limited,http://www.vectusbiosystems.com.au/,"Level 3, 11 Julius Avenue, North Ryde NSW 2113 Australia",
Venture Valuation,Venture Valuation,http://www.venturevaluation.com/,"Kasernenstrasse 11, 8004 Zurich Switzerland",
Vetter Pharma International GmbH,Vetter Pharma International GmbH,http://www.vetter-pharma.com/,Vetter Pharma International GmbH Singapore Branch 50 Raffles Place Level 30-01 Singapore Land Tower 048623 Singapore,
"Vial Health Technology, Inc.","Vial Health Technology, Inc.",http://vial.com/,,
Viedoc Technologies AB,Viedoc Technologies AB,https://www.viedoc.com/,"Stationsgatan 23, Uppsala, Sweden",
,Viedoc Technologies AB,,"4208 Six Forks Road, Suite 1000, Raleigh, NC 27609 USA",
,Viedoc Technologies AB,,"8-6-305 Nihombashi-kobunacho Chuo-ku, Tokyo 103-0024, Japan",
Viral Vector Manufacturing Facility Pty Ltd,Viral Vector Manufacturing Facility Pty Ltd,https://www.vvmf.com.au/,"5 Oldham Rd, Elizabeth South SA 5112",
Vitrafy Life Sciences Ltd,Vitrafy Life Sciences Ltd,https://www.vitrafy.com/,,
Viatris,Viatris,https://www.viatris.com/en,"Level 1, 30 The Bond, 30-34 Hickson Road, Millers Point NSW 2000",
Vitura Health Limited,Vitura Health Limited,https://www.vitura.com.au/,,
Wallonia.be - Export & Investment (Belgium),Wallonia.be - Export & Investment (Belgium),http://www.investinwallonia.be/?lang=en,"Avenue des Dessus de lives, 6�B-5101�Namur-Loyers",
The Walter & Eliza Hall Institute of Medical Research,The Walter & Eliza Hall Institute of Medical Research,https://www.wehi.edu.au/,"1G Royal Parade, Parkville, Victoria 3052, Australia",
Wellumio,Wellumio,https://www.wellumio.com/,"134 Main St, Bacchus Marsh, VIC 3340 Australia",
,Wellumio,,"Level 1, 155 The Terrace, Wellington Central, New Zealand",
West Pharmaceutical Services Singapore PTE�Ltd,West Pharmaceutical Services Singapore PTE�Ltd,http://www.westpharma.com/,"530 Herman O. West Drive, Exton, PA 19341",
Wrays,Wrays,https://www.wrays.com.au/,"Level 20, 1 Castlereagh Street, Sydney, NSW 2000",
,Wrays,,"Level 20, 600 Bourke Street Melbourne, VIC 3000",
,Wrays,,"Level 7, 863 Hay Street, Perth WA 6000",
,Wrays,,"78 North Terrace, Kent Town,�SA 5067",
Yuhan ANZ,Yuhan ANZ,http://yuhan-anz.com/,"Level 7, 33 King William St, Adelaide 5000, South Australia",
Zuellig Pharma SSG Australia,Zuellig Pharma SSG Australia,https://www.zuelligpharma-australia.com.au/,"15 Lum St, Export Park, SA 5950",
